{"cameraMode":{"drawMode":0,"name":"Shaded","section":"Shading Mode"},"sceneLighting":true,"audioPlay":false,"sceneViewState":{"m_AlwaysRefresh":false,"showFog":true,"showSkybox":true,"showFlares":true,"showImageEffects":true,"showParticleSystems":true,"showVisualEffectGraphs":true,"m_FxEnabled":true},"in2DMode":false,"pivot":{"x":-0.6721100807189941,"y":-0.03749072551727295,"z":-0.7251715660095215},"rotation":{"x":-0.13458451628684998,"y":-0.41487202048301699,"z":0.062196746468544009,"w":-0.8977212309837341},"size":2.84230375289917,"orthographic":false}